timestamp,site_id,irradiance_w_m2,ambient_temp_c,power_kw,voltage_v,current_a
2026-01-01 00:00:00,DEMO-01,7.62,20.19,0.763,402.27,1.9
2026-01-01 00:30:00,DEMO-01,0.0,21.42,0.0,401.14,0.0
2026-01-01 01:00:00,DEMO-01,18.76,22.56,1.934,396.3,4.88
2026-01-01 01:30:00,DEMO-01,23.51,22.11,2.399,404.33,5.93
2026-01-01 02:00:00,DEMO-01,0.0,18.92,0.0,398.5,0.0
2026-01-01 02:30:00,DEMO-01,0.0,22.4,0.0,395.03,0.0
2026-01-01 03:00:00,DEMO-01,3.2,22.55,0.326,396.86,0.82
2026-01-01 03:30:00,DEMO-01,0.0,23.45,0.0,396.94,0.0
2026-01-01 04:00:00,DEMO-01,0.0,25.44,0.0,400.16,0.0
2026-01-01 04:30:00,DEMO-01,0.0,21.61,0.0,399.18,0.0
2026-01-01 05:00:00,DEMO-01,21.98,24.0,2.276,398.99,5.71
2026-01-01 05:30:00,DEMO-01,19.44,26.06,1.911,401.86,4.76
2026-01-01 06:00:00,DEMO-01,1.65,24.1,0.164,401.02,0.41
2026-01-01 06:30:00,DEMO-01,145.65,28.42,14.194,400.95,35.4
2026-01-01 07:00:00,DEMO-01,244.62,27.74,24.673,401.23,61.49
2026-01-01 07:30:00,DEMO-01,322.93,28.93,32.976,401.85,82.06
2026-01-01 08:00:00,DEMO-01,459.22,27.81,44.884,393.68,114.01
2026-01-01 08:30:00,DEMO-01,523.91,30.02,50.794,398.91,127.33
2026-01-01 09:00:00,DEMO-01,658.36,30.82,64.809,393.46,164.71
2026-01-01 09:30:00,DEMO-01,712.77,30.25,69.353,400.11,173.33
2026-01-01 10:00:00,DEMO-01,774.8,30.61,77.544,399.99,193.87
2026-01-01 10:30:00,DEMO-01,814.47,30.94,75.034,403.14,186.13
2026-01-01 11:00:00,DEMO-01,899.9,29.79,86.44,403.56,214.19
2026-01-01 11:30:00,DEMO-01,888.44,30.78,85.092,400.61,212.41
2026-01-01 12:00:00,DEMO-01,889.29,30.82,81.821,398.5,205.32
2026-01-01 12:30:00,DEMO-01,883.5,31.42,84.008,401.46,209.26
2026-01-01 13:00:00,DEMO-01,882.64,32.03,83.82,398.42,210.38
2026-01-01 13:30:00,DEMO-01,840.63,29.35,82.185,400.0,205.46
2026-01-01 14:00:00,DEMO-01,789.74,30.18,79.49,402.96,197.27
2026-01-01 14:30:00,DEMO-01,724.79,31.74,70.091,398.33,175.96
2026-01-01 15:00:00,DEMO-01,689.94,28.64,66.236,402.42,164.6
2026-01-01 15:30:00,DEMO-01,537.72,28.06,53.039,402.03,131.93
2026-01-01 16:00:00,DEMO-01,437.19,28.74,44.194,397.14,111.28
2026-01-01 16:30:00,DEMO-01,324.07,28.93,31.12,402.92,77.24
2026-01-01 17:00:00,DEMO-01,248.34,27.31,24.044,402.1,59.8
2026-01-01 17:30:00,DEMO-01,145.7,28.25,14.581,400.31,36.43
2026-01-01 18:00:00,DEMO-01,0.0,27.03,0.0,397.71,0.0
2026-01-01 18:30:00,DEMO-01,0.0,26.36,0.0,397.42,0.0
2026-01-01 19:00:00,DEMO-01,0.0,25.37,0.0,398.39,0.0
2026-01-01 19:30:00,DEMO-01,16.26,26.88,1.643,401.63,4.09
2026-01-01 20:00:00,DEMO-01,18.58,23.25,1.823,397.13,4.59
2026-01-01 20:30:00,DEMO-01,13.58,20.55,1.382,401.31,3.44
2026-01-01 21:00:00,DEMO-01,0.0,24.39,0.0,396.27,0.0
2026-01-01 21:30:00,DEMO-01,5.8,21.48,0.571,399.39,1.43
2026-01-01 22:00:00,DEMO-01,2.92,21.8,0.284,400.33,0.71
2026-01-01 22:30:00,DEMO-01,5.47,22.95,0.561,407.34,1.38
2026-01-01 23:00:00,DEMO-01,21.79,19.25,2.209,395.87,5.58
2026-01-01 23:30:00,DEMO-01,5.59,19.54,0.557,404.42,1.38
2026-01-02 00:00:00,DEMO-01,16.97,19.08,1.733,400.45,4.33
2026-01-02 00:30:00,DEMO-01,1.69,20.09,0.177,401.23,0.44
2026-01-02 01:00:00,DEMO-01,7.23,21.7,0.691,400.36,1.72
2026-01-02 01:30:00,DEMO-01,15.78,22.01,1.537,401.33,3.83
2026-01-02 02:00:00,DEMO-01,0.0,22.0,0.0,399.54,0.0
2026-01-02 02:30:00,DEMO-01,0.0,20.34,0.0,404.36,0.0
2026-01-02 03:00:00,DEMO-01,0.0,19.69,0.0,398.63,0.0
2026-01-02 03:30:00,DEMO-01,0.0,23.02,0.0,403.4,0.0
2026-01-02 04:00:00,DEMO-01,0.0,22.93,0.0,398.07,0.0
2026-01-02 04:30:00,DEMO-01,37.37,24.64,3.638,399.82,9.1
2026-01-02 05:00:00,DEMO-01,0.0,25.55,0.0,396.78,0.0
2026-01-02 05:30:00,DEMO-01,24.21,25.51,2.419,401.37,6.03
2026-01-02 06:00:00,DEMO-01,0.0,26.91,0.0,404.34,0.0
2026-01-02 06:30:00,DEMO-01,109.1,26.93,10.775,399.77,26.95
2026-01-02 07:00:00,DEMO-01,237.01,27.93,23.586,399.41,59.05
2026-01-02 07:30:00,DEMO-01,359.07,27.07,35.751,396.66,90.13
2026-01-02 08:00:00,DEMO-01,467.78,28.28,47.061,399.31,117.86
2026-01-02 08:30:00,DEMO-01,567.72,29.28,56.926,395.22,144.04
2026-01-02 09:00:00,DEMO-01,627.68,30.52,58.896,397.26,148.26
2026-01-02 09:30:00,DEMO-01,702.46,29.49,65.108,400.68,162.49
2026-01-02 10:00:00,DEMO-01,800.87,30.96,80.137,403.96,198.38
2026-01-02 10:30:00,DEMO-01,826.71,30.3,83.321,408.43,204.0
2026-01-02 11:00:00,DEMO-01,837.44,30.69,79.75,398.24,200.26
2026-01-02 11:30:00,DEMO-01,863.97,31.95,80.089,404.31,198.09
2026-01-02 12:00:00,DEMO-01,877.01,28.61,86.65,400.73,216.23
2026-01-02 12:30:00,DEMO-01,904.73,29.4,90.948,399.55,227.63
2026-01-02 13:00:00,DEMO-01,872.89,29.05,89.734,401.3,223.61
2026-01-02 13:30:00,DEMO-01,848.75,27.82,85.001,400.19,212.41
2026-01-02 14:00:00,DEMO-01,768.74,29.52,74.784,400.33,186.81
2026-01-02 14:30:00,DEMO-01,717.98,30.87,68.548,398.78,171.9
2026-01-02 15:00:00,DEMO-01,652.04,29.19,64.128,395.81,162.02
2026-01-02 15:30:00,DEMO-01,540.15,29.28,52.693,395.37,133.28
2026-01-02 16:00:00,DEMO-01,461.42,29.81,44.106,401.96,109.73
2026-01-02 16:30:00,DEMO-01,327.87,29.51,33.845,399.17,84.79
2026-01-02 17:00:00,DEMO-01,223.86,27.21,23.178,398.21,58.21
2026-01-02 17:30:00,DEMO-01,107.93,28.28,10.954,400.03,27.38
2026-01-02 18:00:00,DEMO-01,0.0,26.11,0.0,402.38,0.0
2026-01-02 18:30:00,DEMO-01,12.17,24.34,1.247,400.54,3.11
2026-01-02 19:00:00,DEMO-01,0.0,23.99,0.0,398.03,0.0
2026-01-02 19:30:00,DEMO-01,0.31,22.31,0.032,403.68,0.08
2026-01-02 20:00:00,DEMO-01,12.02,22.43,1.252,404.74,3.09
2026-01-02 20:30:00,DEMO-01,11.16,22.53,1.145,401.48,2.85
2026-01-02 21:00:00,DEMO-01,16.63,23.43,1.705,402.92,4.23
2026-01-02 21:30:00,DEMO-01,0.0,24.1,0.0,403.73,0.0
2026-01-02 22:00:00,DEMO-01,0.0,20.01,0.0,403.39,0.0
2026-01-02 22:30:00,DEMO-01,0.0,21.85,0.0,401.84,0.0
2026-01-02 23:00:00,DEMO-01,0.0,19.92,0.0,401.8,0.0
2026-01-02 23:30:00,DEMO-01,0.0,21.61,0.0,401.56,0.0
2026-01-03 00:00:00,DEMO-01,0.0,20.84,0.0,396.71,0.0
2026-01-03 00:30:00,DEMO-01,0.0,18.85,0.0,402.1,0.0
2026-01-03 01:00:00,DEMO-01,9.99,22.28,1.054,395.93,2.66
2026-01-03 01:30:00,DEMO-01,0.0,20.65,0.0,397.62,0.0
2026-01-03 02:00:00,DEMO-01,0.0,21.03,0.0,403.91,0.0
2026-01-03 02:30:00,DEMO-01,32.48,20.75,3.415,402.52,8.48
2026-01-03 03:00:00,DEMO-01,0.0,21.68,0.0,404.46,0.0
2026-01-03 03:30:00,DEMO-01,18.44,23.47,1.864,399.18,4.67
2026-01-03 04:00:00,DEMO-01,0.0,23.27,0.0,396.54,0.0
2026-01-03 04:30:00,DEMO-01,0.0,24.48,0.0,399.28,0.0
2026-01-03 05:00:00,DEMO-01,0.0,25.14,0.0,400.31,0.0
2026-01-03 05:30:00,DEMO-01,0.0,26.93,0.0,400.24,0.0
2026-01-03 06:00:00,DEMO-01,21.01,25.59,2.093,403.4,5.19
2026-01-03 06:30:00,DEMO-01,74.29,24.88,7.418,398.92,18.59
2026-01-03 07:00:00,DEMO-01,243.8,28.57,25.111,401.06,62.61
2026-01-03 07:30:00,DEMO-01,350.36,27.52,35.459,397.03,89.31
2026-01-03 08:00:00,DEMO-01,435.15,29.84,42.685,401.35,106.35
2026-01-03 08:30:00,DEMO-01,511.73,29.5,50.564,400.01,126.41
2026-01-03 09:00:00,DEMO-01,638.2,29.38,62.772,397.75,157.82
2026-01-03 09:30:00,DEMO-01,700.78,30.39,68.221,399.29,170.85
2026-01-03 10:00:00,DEMO-01,785.24,32.67,74.055,399.45,185.39
2026-01-03 10:30:00,DEMO-01,832.04,33.11,80.2,399.19,200.91
2026-01-03 11:00:00,DEMO-01,909.38,30.91,87.131,405.31,214.97
2026-01-03 11:30:00,DEMO-01,886.32,31.15,83.749,399.7,209.53
2026-01-03 12:00:00,DEMO-01,874.41,32.29,85.976,399.27,215.33
2026-01-03 12:30:00,DEMO-01,896.78,29.94,88.765,393.71,225.46
2026-01-03 13:00:00,DEMO-01,874.83,31.23,81.493,397.32,205.11
2026-01-03 13:30:00,DEMO-01,865.47,30.59,84.353,399.21,211.3
2026-01-03 14:00:00,DEMO-01,800.3,30.71,80.15,397.94,201.41
2026-01-03 14:30:00,DEMO-01,722.94,28.97,73.031,404.15,180.7
2026-01-03 15:00:00,DEMO-01,672.98,27.63,68.298,399.51,170.96
2026-01-03 15:30:00,DEMO-01,518.17,26.56,51.544,403.87,127.63
2026-01-03 16:00:00,DEMO-01,434.01,27.16,42.117,400.19,105.24
2026-01-03 16:30:00,DEMO-01,321.25,27.36,30.959,400.11,77.38
2026-01-03 17:00:00,DEMO-01,223.19,26.94,22.337,399.73,55.88
2026-01-03 17:30:00,DEMO-01,83.06,28.98,8.251,400.01,20.63
2026-01-03 18:00:00,DEMO-01,15.88,27.33,1.624,405.16,4.01
2026-01-03 18:30:00,DEMO-01,0.0,24.19,0.0,393.04,0.0
2026-01-03 19:00:00,DEMO-01,0.0,25.12,0.0,394.0,0.0
2026-01-03 19:30:00,DEMO-01,0.0,23.6,0.0,398.37,0.0
2026-01-03 20:00:00,DEMO-01,7.84,23.16,0.783,400.04,1.96
2026-01-03 20:30:00,DEMO-01,20.95,23.18,2.122,402.07,5.28
2026-01-03 21:00:00,DEMO-01,49.92,23.21,5.002,401.42,12.46
2026-01-03 21:30:00,DEMO-01,72.85,21.63,7.276,398.85,18.24
2026-01-03 22:00:00,DEMO-01,10.36,22.95,0.473,403.06,1.17
2026-01-03 22:30:00,DEMO-01,0.0,20.01,0.0,403.09,0.0
2026-01-03 23:00:00,DEMO-01,0.0,21.18,0.0,400.55,0.0
2026-01-03 23:30:00,DEMO-01,6.69,24.16,0.305,402.89,0.76
2026-01-04 00:00:00,DEMO-01,0.0,21.27,0.0,400.82,0.0
2026-01-04 00:30:00,DEMO-01,0.0,22.76,0.0,398.32,0.0
2026-01-04 01:00:00,DEMO-01,0.0,21.28,0.0,402.09,0.0
2026-01-04 01:30:00,DEMO-01,0.0,22.08,0.0,400.33,0.0
2026-01-04 02:00:00,DEMO-01,26.65,21.6,1.201,400.0,3.0
2026-01-04 02:30:00,DEMO-01,3.93,21.83,0.412,404.42,1.02
2026-01-04 03:00:00,DEMO-01,0.0,21.53,0.0,392.65,0.0
2026-01-04 03:30:00,DEMO-01,0.0,23.47,0.0,395.75,0.0
2026-01-04 04:00:00,DEMO-01,0.0,22.48,0.0,396.44,0.0
2026-01-04 04:30:00,DEMO-01,0.0,24.89,0.0,398.91,0.0
2026-01-04 05:00:00,DEMO-01,0.0,26.01,0.0,399.24,0.0
2026-01-04 05:30:00,DEMO-01,44.2,25.79,4.393,395.48,11.11
2026-01-04 06:00:00,DEMO-01,3.26,25.66,0.335,397.04,0.84
2026-01-04 06:30:00,DEMO-01,142.04,27.2,13.139,397.42,33.06
2026-01-04 07:00:00,DEMO-01,220.45,26.92,22.092,407.37,54.23
2026-01-04 07:30:00,DEMO-01,314.79,29.04,32.18,405.41,79.38
2026-01-04 08:00:00,DEMO-01,425.87,26.3,41.171,398.76,103.25
2026-01-04 08:30:00,DEMO-01,529.75,28.64,51.708,398.91,129.62
2026-01-04 09:00:00,DEMO-01,689.61,27.15,67.082,396.55,169.16
2026-01-04 09:30:00,DEMO-01,693.48,28.17,66.937,394.28,169.77
2026-01-04 10:00:00,DEMO-01,800.39,31.97,77.173,399.65,193.1
2026-01-04 10:30:00,DEMO-01,808.92,31.69,81.536,397.01,205.38
2026-01-04 11:00:00,DEMO-01,892.62,29.97,91.508,399.75,228.92
2026-01-04 11:30:00,DEMO-01,901.92,29.15,87.949,395.2,222.54
2026-01-04 12:00:00,DEMO-01,896.08,27.44,92.959,397.71,233.73
2026-01-04 12:30:00,DEMO-01,891.28,30.31,87.314,400.45,218.04
2026-01-04 13:00:00,DEMO-01,852.96,33.73,85.925,401.1,214.22
2026-01-04 13:30:00,DEMO-01,842.64,31.14,82.003,401.25,204.37
2026-01-04 14:00:00,DEMO-01,768.05,29.66,75.621,396.04,190.94
2026-01-04 14:30:00,DEMO-01,683.38,30.52,67.438,402.56,167.52
2026-01-04 15:00:00,DEMO-01,604.45,27.66,64.554,397.6,162.36
2026-01-04 15:30:00,DEMO-01,552.2,28.69,55.563,401.9,138.25
2026-01-04 16:00:00,DEMO-01,489.48,28.62,47.386,399.97,118.47
2026-01-04 16:30:00,DEMO-01,348.41,27.81,35.284,395.87,89.13
2026-01-04 17:00:00,DEMO-01,229.97,28.24,22.493,399.05,56.37
2026-01-04 17:30:00,DEMO-01,124.62,27.07,12.208,401.1,30.44
2026-01-04 18:00:00,DEMO-01,32.65,26.8,3.315,401.84,8.25
2026-01-04 18:30:00,DEMO-01,5.48,24.52,0.55,399.58,1.38
2026-01-04 19:00:00,DEMO-01,0.0,25.78,0.0,404.6,0.0
2026-01-04 19:30:00,DEMO-01,27.66,26.04,2.755,403.02,6.84
2026-01-04 20:00:00,DEMO-01,10.72,22.34,1.092,399.23,2.74
2026-01-04 20:30:00,DEMO-01,38.39,21.89,3.928,402.25,9.77
2026-01-04 21:00:00,DEMO-01,4.58,24.07,0.438,405.8,1.08
2026-01-04 21:30:00,DEMO-01,0.0,21.8,0.0,405.88,0.0
2026-01-04 22:00:00,DEMO-01,0.0,23.35,0.0,396.32,0.0
2026-01-04 22:30:00,DEMO-01,41.27,20.85,4.045,397.22,10.18
2026-01-04 23:00:00,DEMO-01,43.09,22.92,4.339,404.45,10.73
2026-01-04 23:30:00,DEMO-01,0.0,21.2,0.0,396.83,0.0
2026-01-05 00:00:00,DEMO-01,0.0,21.31,0.0,396.03,0.0
2026-01-05 00:30:00,DEMO-01,36.54,22.92,3.761,398.54,9.44
2026-01-05 01:00:00,DEMO-01,0.0,20.74,0.0,401.26,0.0
2026-01-05 01:30:00,DEMO-01,0.0,20.25,0.0,399.69,0.0
2026-01-05 02:00:00,DEMO-01,16.08,21.13,1.609,398.05,4.04
2026-01-05 02:30:00,DEMO-01,0.0,22.58,0.0,397.98,0.0
2026-01-05 03:00:00,DEMO-01,0.0,20.59,0.0,397.86,0.0
2026-01-05 03:30:00,DEMO-01,0.0,23.72,0.0,397.36,0.0
2026-01-05 04:00:00,DEMO-01,8.44,22.85,0.867,406.84,2.13
2026-01-05 04:30:00,DEMO-01,35.19,25.46,3.518,400.89,8.77
2026-01-05 05:00:00,DEMO-01,2.26,21.83,0.218,402.66,0.54
2026-01-05 05:30:00,DEMO-01,16.1,24.4,1.535,398.53,3.85
2026-01-05 06:00:00,DEMO-01,0.0,23.98,0.0,399.44,0.0
2026-01-05 06:30:00,DEMO-01,116.26,25.66,11.531,397.86,28.98
2026-01-05 07:00:00,DEMO-01,211.86,27.59,20.912,392.04,53.34
2026-01-05 07:30:00,DEMO-01,313.94,27.7,31.034,395.87,78.39
2026-01-05 08:00:00,DEMO-01,428.05,28.2,42.496,394.57,107.7
2026-01-05 08:30:00,DEMO-01,539.53,28.85,54.38,393.25,138.28
2026-01-05 09:00:00,DEMO-01,659.29,29.78,62.873,396.41,158.6
2026-01-05 09:30:00,DEMO-01,680.86,28.76,65.098,403.97,161.14
2026-01-05 10:00:00,DEMO-01,780.19,31.18,74.011,399.87,185.09
2026-01-05 10:30:00,DEMO-01,819.39,31.41,80.413,403.87,199.11
2026-01-05 11:00:00,DEMO-01,861.14,31.29,86.56,401.23,215.73
2026-01-05 11:30:00,DEMO-01,917.37,31.63,88.343,402.35,219.57
2026-01-05 12:00:00,DEMO-01,913.45,31.36,83.455,397.3,210.06
2026-01-05 12:30:00,DEMO-01,925.74,33.4,85.652,401.57,213.29
2026-01-05 13:00:00,DEMO-01,865.47,30.73,82.804,402.19,205.88
2026-01-05 13:30:00,DEMO-01,814.09,30.25,78.588,398.27,197.32
2026-01-05 14:00:00,DEMO-01,773.83,29.43,75.237,401.68,187.31
2026-01-05 14:30:00,DEMO-01,720.08,28.73,71.003,401.7,176.76
2026-01-05 15:00:00,DEMO-01,640.81,28.04,62.808,398.35,157.67
2026-01-05 15:30:00,DEMO-01,520.78,27.98,52.807,396.63,133.14
2026-01-05 16:00:00,DEMO-01,452.26,28.42,43.854,396.45,110.62
2026-01-05 16:30:00,DEMO-01,350.12,28.31,33.803,400.26,84.45
2026-01-05 17:00:00,DEMO-01,295.87,27.36,29.66,400.98,73.97
2026-01-05 17:30:00,DEMO-01,164.39,25.73,15.762,397.62,39.64
2026-01-05 18:00:00,DEMO-01,0.0,27.08,0.0,400.08,0.0
2026-01-05 18:30:00,DEMO-01,0.0,26.23,0.0,401.71,0.0
2026-01-05 19:00:00,DEMO-01,0.0,24.51,0.0,401.85,0.0
2026-01-05 19:30:00,DEMO-01,0.0,23.3,0.0,404.66,0.0
2026-01-05 20:00:00,DEMO-01,7.89,24.16,0.779,403.83,1.93
2026-01-05 20:30:00,DEMO-01,30.15,23.18,3.193,397.0,8.04
2026-01-05 21:00:00,DEMO-01,0.0,20.73,0.0,405.05,0.0
2026-01-05 21:30:00,DEMO-01,0.0,21.95,0.0,398.41,0.0
2026-01-05 22:00:00,DEMO-01,0.0,21.98,0.0,403.13,0.0
2026-01-05 22:30:00,DEMO-01,0.0,20.3,0.0,400.2,0.0
2026-01-05 23:00:00,DEMO-01,0.0,21.4,0.0,398.76,0.0
2026-01-05 23:30:00,DEMO-01,0.0,19.3,0.0,394.58,0.0
2026-01-06 00:00:00,DEMO-01,0.0,22.6,0.0,399.49,0.0
2026-01-06 00:30:00,DEMO-01,0.0,22.54,0.0,395.32,0.0
2026-01-06 01:00:00,DEMO-01,0.0,20.87,0.0,402.9,0.0
2026-01-06 01:30:00,DEMO-01,0.0,21.82,0.0,404.55,0.0
2026-01-06 02:00:00,DEMO-01,53.23,18.78,5.651,397.61,14.21
2026-01-06 02:30:00,DEMO-01,0.0,20.65,0.0,400.91,0.0
2026-01-06 03:00:00,DEMO-01,0.0,22.11,0.0,397.82,0.0
2026-01-06 03:30:00,DEMO-01,45.92,21.67,4.435,398.11,11.14
2026-01-06 04:00:00,DEMO-01,72.63,24.36,7.223,402.32,17.95
2026-01-06 04:30:00,DEMO-01,0.0,26.48,0.0,399.88,0.0
2026-01-06 05:00:00,DEMO-01,0.0,23.29,0.0,405.22,0.0
2026-01-06 05:30:00,DEMO-01,8.54,24.34,0.844,398.55,2.12
2026-01-06 06:00:00,DEMO-01,43.22,26.28,4.282,403.0,10.62
2026-01-06 06:30:00,DEMO-01,92.8,28.59,9.578,400.29,23.93
2026-01-06 07:00:00,DEMO-01,226.81,25.83,22.51,402.39,55.94
2026-01-06 07:30:00,DEMO-01,363.85,28.21,36.289,398.66,91.03
2026-01-06 08:00:00,DEMO-01,460.87,30.69,44.777,399.85,111.98
2026-01-06 08:30:00,DEMO-01,538.48,27.06,53.505,399.65,133.88
2026-01-06 09:00:00,DEMO-01,633.05,28.0,34.405,397.49,86.56
2026-01-06 09:30:00,DEMO-01,679.65,29.46,37.125,401.99,92.35
2026-01-06 10:00:00,DEMO-01,773.47,29.71,42.956,401.95,106.87
2026-01-06 10:30:00,DEMO-01,824.83,31.59,45.988,401.78,114.46
2026-01-06 11:00:00,DEMO-01,875.14,31.12,47.318,404.61,116.95
2026-01-06 11:30:00,DEMO-01,878.42,28.83,48.274,404.35,119.39
2026-01-06 12:00:00,DEMO-01,911.79,31.62,47.416,398.88,118.87
2026-01-06 12:30:00,DEMO-01,917.62,30.26,49.298,401.12,122.9
2026-01-06 13:00:00,DEMO-01,873.22,32.36,47.709,398.13,119.83
2026-01-06 13:30:00,DEMO-01,840.29,29.87,46.297,400.07,115.72
2026-01-06 14:00:00,DEMO-01,780.75,29.57,42.38,398.2,106.43
2026-01-06 14:30:00,DEMO-01,714.02,30.62,39.24,404.86,96.92
2026-01-06 15:00:00,DEMO-01,618.36,30.45,33.676,401.09,83.96
2026-01-06 15:30:00,DEMO-01,555.8,29.58,56.198,399.35,140.73
2026-01-06 16:00:00,DEMO-01,447.57,26.48,44.814,403.58,111.04
2026-01-06 16:30:00,DEMO-01,396.74,28.56,38.762,393.49,98.51
2026-01-06 17:00:00,DEMO-01,272.27,26.05,27.34,393.96,69.4
2026-01-06 17:30:00,DEMO-01,127.12,26.93,11.689,402.39,29.05
2026-01-06 18:00:00,DEMO-01,0.0,24.29,0.0,400.18,0.0
2026-01-06 18:30:00,DEMO-01,0.0,25.88,0.0,400.75,0.0
2026-01-06 19:00:00,DEMO-01,29.78,23.74,2.864,396.02,7.23
2026-01-06 19:30:00,DEMO-01,6.57,22.55,0.671,399.93,1.68
2026-01-06 20:00:00,DEMO-01,12.0,24.36,1.218,406.01,3.0
2026-01-06 20:30:00,DEMO-01,0.0,23.25,0.0,402.47,0.0
2026-01-06 21:00:00,DEMO-01,23.19,21.73,2.307,400.51,5.76
2026-01-06 21:30:00,DEMO-01,11.36,23.77,1.181,398.68,2.96
2026-01-06 22:00:00,DEMO-01,0.0,21.14,0.0,398.82,0.0
2026-01-06 22:30:00,DEMO-01,0.0,21.42,0.0,393.61,0.0
2026-01-06 23:00:00,DEMO-01,6.59,21.49,0.669,400.77,1.67
2026-01-06 23:30:00,DEMO-01,1.31,20.3,0.135,402.54,0.34
2026-01-07 00:00:00,DEMO-01,0.0,21.57,0.0,395.27,0.0
2026-01-07 00:30:00,DEMO-01,0.0,20.4,0.0,398.02,0.0
2026-01-07 01:00:00,DEMO-01,0.0,20.68,0.0,396.53,0.0
2026-01-07 01:30:00,DEMO-01,3.81,23.02,0.383,397.1,0.97
2026-01-07 02:00:00,DEMO-01,36.79,20.42,3.743,400.16,9.35
2026-01-07 02:30:00,DEMO-01,0.0,19.14,0.0,393.75,0.0
2026-01-07 03:00:00,DEMO-01,0.0,24.4,0.0,401.84,0.0
2026-01-07 03:30:00,DEMO-01,4.41,26.02,0.431,402.26,1.07
2026-01-07 04:00:00,DEMO-01,7.4,23.01,0.763,399.25,1.91
2026-01-07 04:30:00,DEMO-01,0.0,21.76,0.0,392.56,0.0
2026-01-07 05:00:00,DEMO-01,0.0,24.33,0.0,397.01,0.0
2026-01-07 05:30:00,DEMO-01,8.2,25.0,0.818,403.7,2.03
2026-01-07 06:00:00,DEMO-01,43.18,25.77,4.329,391.67,11.05
2026-01-07 06:30:00,DEMO-01,79.13,25.32,8.025,398.96,20.11
2026-01-07 07:00:00,DEMO-01,254.53,27.99,24.52,396.46,61.85
2026-01-07 07:30:00,DEMO-01,336.2,28.54,32.281,402.41,80.22
2026-01-07 08:00:00,DEMO-01,448.47,26.71,45.771,397.97,115.01
2026-01-07 08:30:00,DEMO-01,521.56,29.88,50.61,401.21,126.14
2026-01-07 09:00:00,DEMO-01,628.03,32.0,58.883,401.7,146.59
2026-01-07 09:30:00,DEMO-01,746.52,30.17,73.918,405.51,182.29
2026-01-07 10:00:00,DEMO-01,793.99,29.93,78.736,399.39,197.14
2026-01-07 10:30:00,DEMO-01,874.8,30.45,82.299,401.13,205.17
2026-01-07 11:00:00,DEMO-01,898.77,31.57,88.018,395.54,222.52
2026-01-07 11:30:00,DEMO-01,903.28,28.88,90.561,403.57,224.4
2026-01-07 12:00:00,DEMO-01,943.6,31.2,92.882,397.72,233.54
2026-01-07 12:30:00,DEMO-01,903.28,30.49,89.74,398.32,225.3
2026-01-07 13:00:00,DEMO-01,890.03,33.05,83.114,399.93,207.82
2026-01-07 13:30:00,DEMO-01,824.08,30.41,81.292,395.31,205.64
2026-01-07 14:00:00,DEMO-01,781.09,32.33,75.244,400.69,187.79
2026-01-07 14:30:00,DEMO-01,696.58,28.64,67.815,402.9,168.32
2026-01-07 15:00:00,DEMO-01,661.14,30.24,66.136,400.88,164.98
2026-01-07 15:30:00,DEMO-01,518.43,29.43,52.808,395.23,133.61
2026-01-07 16:00:00,DEMO-01,469.56,27.46,48.58,399.63,121.56
2026-01-07 16:30:00,DEMO-01,339.65,28.13,34.643,402.23,86.13
2026-01-07 17:00:00,DEMO-01,262.22,28.75,25.758,394.37,65.31
2026-01-07 17:30:00,DEMO-01,136.25,26.26,13.675,396.78,34.47
2026-01-07 18:00:00,DEMO-01,45.52,23.97,4.658,402.63,11.57
2026-01-07 18:30:00,DEMO-01,18.27,25.33,1.83,400.81,4.57
2026-01-07 19:00:00,DEMO-01,0.0,23.62,0.0,401.24,0.0
2026-01-07 19:30:00,DEMO-01,0.0,23.68,0.0,405.58,0.0
2026-01-07 20:00:00,DEMO-01,0.0,23.4,0.0,401.41,0.0
2026-01-07 20:30:00,DEMO-01,0.0,20.91,0.0,401.97,0.0
2026-01-07 21:00:00,DEMO-01,37.78,20.53,3.806,408.13,9.33
2026-01-07 21:30:00,DEMO-01,15.94,22.61,1.635,399.36,4.09
2026-01-07 22:00:00,DEMO-01,0.0,21.04,0.0,397.61,0.0
2026-01-07 22:30:00,DEMO-01,0.0,18.3,0.0,401.28,0.0
2026-01-07 23:00:00,DEMO-01,0.82,22.11,0.084,401.32,0.21
2026-01-07 23:30:00,DEMO-01,0.0,21.37,0.0,398.42,0.0
